{
  "type": "runesrails:gimpanum_dim_type",
  "generator": {
    "type": "minecraft:noise",
    "biome_source": {
      "type": "minecraft:multi_noise",
      "biomes": [
        {
          "biome": "runesrails:softness",
          "parameters": {
            "temperature": [
              0,
              1
            ],
            "humidity": 0,
            "continentalness": 0,
            "erosion": 0,
            "weirdness": 0,
            "depth": 0,
            "offset": 0
          }
        },
        {
          "biome": "runesrails:hardness",
          "parameters": {
            "temperature": [
              -1,
              0
            ],
            "humidity": 0,
            "continentalness": 0,
            "erosion": 0,
            "weirdness": 0,
            "depth": 0,
            "offset": 0
          }
        },
        {
          "biome": "runesrails:silence",
          "parameters": {
            "temperature": 0,
            "humidity": 0,
            "continentalness": -2,
            "erosion": 0,
            "weirdness": 0,
            "depth": 0,
            "offset": 0
          }
        }
      ]
    },
    "settings": "runesrails:gimpanum_noise_settings"
  }
}