{
  "aquifers_enabled": false,
  "default_block": {
    "Name": "minecraft:pink_stained_glass"
  },
  "default_fluid": {
    "Name": "minecraft:air"
  },
  "disable_mob_generation": true,
  "legacy_random_source": true,
  "noise": {
    "height": 128,
    "min_y": 0,
    "size_horizontal": 4,
    "size_vertical": 1
  },
  "noise_router": {
    "barrier": 0,
    "vegetation": 0.5,
    "continents": {
      "type": "minecraft:range_choice",
      "input": {
        "type": "minecraft:interpolated",
        "argument": {
          "type": "minecraft:range_choice",
          "input": "minecraft:y",
          "max_exclusive": 321,
          "min_inclusive": -60,
          "when_in_range": {
            "type": "minecraft:noise",
            "noise": "minecraft:noodle",
            "xz_scale": 8,
            "y_scale": 1
          },
          "when_out_of_range": -1
        }
      },
      "max_exclusive": 0,
      "min_inclusive": -1000000,
      "when_in_range": 0,
      "when_out_of_range": -2
    },
    "depth": 0,
    "erosion": 0,
    "final_density": {
      "type": "minecraft:squeeze",
      "argument": {
        "type": "minecraft:add",
        "argument1": -0.6,
        "argument2": {
          "type": "minecraft:interpolated",
          "argument": {
            "type": "minecraft:blend_density",
            "argument": {
              "type": "minecraft:add",
              "argument1": 0,
              "argument2": {
                "type": "minecraft:mul",
                "argument1": {
                  "type": "minecraft:y_clamped_gradient",
                  "from_value": 0,
                  "from_y": 0,
                  "to_value": 1,
                  "to_y": 30
                },
                "argument2": {
                  "type": "minecraft:add",
                  "argument1": 0.734375,
                  "argument2": {
                    "type": "minecraft:add",
                    "argument1": -24.85,
                    "argument2": {
                      "type": "minecraft:mul",
                      "argument1": {
                        "type": "minecraft:y_clamped_gradient",
                        "from_y": 40,
                        "from_value": 0.99,
                        "to_value": -1000,
                        "to_y": 324
                      },
                      "argument2": {
                        "type": "minecraft:add",
                        "argument1": 26,
                        "argument2": "minecraft:overworld/continents"
                      }
                    }
                  }
                }
              }
            }
          }
        }
      }
    },
    "fluid_level_floodedness": 0,
    "fluid_level_spread": 0,
    "initial_density_without_jaggedness": {
      "type": "minecraft:add",
      "argument1": 0,
      "argument2": {
        "type": "minecraft:mul",
        "argument1": {
          "type": "minecraft:y_clamped_gradient",
          "from_value": 0,
          "from_y": -64,
          "to_value": 1,
          "to_y": -40
        },
        "argument2": {
          "type": "minecraft:add",
          "argument1": -0.1171875,
          "argument2": {
            "type": "minecraft:add",
            "argument1": -0.078125,
            "argument2": {
              "type": "minecraft:mul",
              "argument1": {
                "type": "minecraft:y_clamped_gradient",
                "from_value": 1,
                "from_y": 240,
                "to_value": 0,
                "to_y": 256
              },
              "argument2": {
                "type": "minecraft:add",
                "argument1": 0.078125,
                "argument2": {
                  "type": "minecraft:clamp",
                  "input": {
                    "type": "minecraft:add",
                    "argument1": -0.703125,
                    "argument2": {
                      "type": "minecraft:mul",
                      "argument1": 4,
                      "argument2": {
                        "type": "minecraft:quarter_negative",
                        "argument": {
                          "type": "minecraft:mul",
                          "argument1": "minecraft:overworld/depth",
                          "argument2": {
                            "type": "minecraft:cache_2d",
                            "argument": "minecraft:overworld/factor"
                          }
                        }
                      }
                    }
                  },
                  "max": 64,
                  "min": -64
                }
              }
            }
          }
        }
      }
    },
    "lava": 0,
    "ridges": 0,
    "temperature": {
      "type": "minecraft:noise",
      "noise": "minecraft:temperature",
      "xz_scale": 2,
      "y_scale": 0
    },
    "vein_gap": 0,
    "vein_ridged": 0,
    "vein_toggle": 0
  },
  "ore_veins_enabled": false,
  "sea_level": 0,
  "spawn_target": [
    {
      "temperature": 0,
      "humidity": 0,
      "continentalness": 0,
      "erosion": 0,
      "weirdness": 0,
      "depth": 0,
      "offset": 0
    }
  ],
  "surface_rule": {
    "type": "minecraft:sequence",
    "sequence": [
      {
        "type": "minecraft:condition",
        "if_true": {
          "type": "minecraft:biome",
          "biome_is": [
            "runesrails:silence"
          ]
        },
        "then_run": {
          "type": "minecraft:sequence",
          "sequence": [
            {
              "type": "minecraft:condition",
              "if_true": {
                "type": "minecraft:stone_depth",
                "offset": 2,
                "surface_type": "floor",
                "add_surface_depth": true,
                "secondary_depth_range": 0
              },
              "then_run": {
                "type": "minecraft:block",
                "result_state": {
                  "Name": "minecraft:air"
                }
              }
            },
            {
              "type": "minecraft:block",
              "result_state": {
                "Name": "minecraft:gray_stained_glass"
              }
            }
          ]
        }
      },
      {
        "type": "minecraft:condition",
        "if_true": {
          "type": "minecraft:biome",
          "biome_is": [
            "runesrails:hardness"
          ]
        },
        "then_run": {
          "type": "minecraft:sequence",
          "sequence": [
            {
              "type": "minecraft:condition",
              "if_true": {
                "type": "minecraft:stone_depth",
                "offset": 0,
                "surface_type": "floor",
                "add_surface_depth": true,
                "secondary_depth_range": 0
              },
              "then_run": {
                "type": "minecraft:block",
                "result_state": {
                  "Name": "minecraft:air"
                }
              }
            },
            {
              "type": "minecraft:block",
              "result_state": {
                "Name": "minecraft:cherry_planks"
              }
            }
          ]
        }
      },
      {
        "type": "minecraft:condition",
        "if_true": {
          "type": "minecraft:biome",
          "biome_is": [
            "runesrails:softness"
          ]
        },
        "then_run": {
          "type": "minecraft:sequence",
          "sequence": [
            {
              "type": "minecraft:condition",
              "if_true": {
                "type": "minecraft:stone_depth",
                "offset": 0,
                "surface_type": "floor",
                "add_surface_depth": true,
                "secondary_depth_range": 0
              },
              "then_run": {
                "type": "minecraft:block",
                "result_state": {
                  "Name": "minecraft:azalea_leaves",
                  "Properties": {
                    "persistent": "true"
                  }
                }
              }
            },
            {
              "type": "minecraft:block",
              "result_state": {
                "Name": "minecraft:blue_stained_glass"
              }
            }
          ]
        }
      }
    ]
  }
}