{
    "carvers": {},
    "downfall": 0.8,
    "effects": {
        "fog_color": 16761591,
        "foliage_color": 14391393,
        "grass_color": 14397025,
        "mood_sound": {
            "block_search_extent": 8,
            "offset": 2,
            "sound": "minecraft:ambient.cave",
            "tick_delay": 6000
        },
        "music": {
            "max_delay": 24000,
            "min_delay": 12000,
            "replace_current_music": false,
            "sound": "minecraft:music.overworld.cherry_grove"
        },
        "sky_color": 16743125,
        "water_color": 15688149,
        "water_fog_color": 15688149
    },
    "features": [
        [
            "minecraft:amethyst_geode"
        ],
        [
            "minecraft:spring_water"
        ],
        [
            "minecraft:flower_cherry"
        ]
    ],
    "has_precipitation": true,
    "spawn_costs": {},
    "spawners": {},
    "temperature": 0.5
}