{
    "temperature_modifier": "none",
    "carvers": {},
    "downfall": 0.5,
    "effects": {
        "fog_color": 16499455,
        "sky_color": 12678655,
        "water_color": 10108900,
        "water_fog_color": 2295091,
        "grass_color": 2124886,
        "foliage_color": 8510028,
        "particle": {
            "options": {
                "type": "minecraft:dust",
                "value": {
                    "r": 77,
                    "g": 0,
                    "b": 77,
                    "scale": 2
                }
            },
            "probability": 1
        }
    },
    "features": [
        [],
        [],
        [],
        [],
        [],
        [],
        [],
        [],
        [],
        [],
        [
            "minecraft:void_start_platform"
        ]
    ],
    "has_precipitation": false,
    "spawn_costs": {},
    "spawners": {},
    "temperature": 0.5
}