{
    "carvers": {},
    "downfall": 0.8,
    "effects": {
        "fog_color": 12779501,
        "grass_color": 2264285,
        "foliage_color": 6254732,
        "music": {
            "max_delay": 24000,
            "min_delay": 12000,
            "replace_current_music": false,
            "sound": "minecraft:music.overworld.meadow"
        },
        "sky_color": 5103784,
        "water_color": 970100,
        "water_fog_color": 340749
    },
    "features": [
        [
            "minecraft:spring_water"
        ],
        [
            "minecraft:flower_meadow"
        ]
    ],
    "has_precipitation": true,
    "spawn_costs": {},
    "spawners": {},
    "temperature": 0.5
}